{
	"$baseURI": "https://yal.cc/r/20/pixelfont/",
	"$version": "1.0",
	"in-glyphs": [
		"ABCDEFGHIJKLM",
		"abcdefghijklm",
		"NOPQRSTUVWXYZ",
		"nopqrstuvwxyz",
		"ÀÁÂA̋ÄÈÉÊËÌÍÎÏ",
		"àáâa̋äèéêëìíîï",
		"ÒÓÔŐÖÙÚÛŰÜÇÑß",
		"òóôőöùúûűüçñ",
		"1234567890{}~",
		"!@#$%^&*()-+=",
		",./?:;\"'_<>[]",
		"`|\\⮜⮞🠸🠺🠹🠻"
	],
	"glyph-color": "auto",
	"in-kerning": [
		""
	],
	"glyph-width": 12,
	"glyph-height": 18,
	"glyph-ofs-x": 0,
	"glyph-ofs-y": 0,
	"glyph-sep-x": 0,
	"glyph-sep-y": 0,
	"glyph-base-x": 0,
	"glyph-baseline": 13,
	"glyph-spacing": 1,
	"font-is-mono": false,
	"font-em-square": 2624,
	"font-line-gap": 0,
	"font-ascend": 2208,
	"font-descend": -416,
	"font-px-size": 160,
	"contour-type": "pixel",
	"font-type": "ttf",
	"font-name": "Pixel Boldv1",
	"font-author": "Emily Szabo",
	"font-copy": "creative commons",
	"font-version": "Version 1.0",
	"font-desc": "",
	"font-license": "You have the permission!",
	"font-license-url": "",
	"font-sample-text": "Honk donk, this is a font!",
	"font-preview-text": [
		"THE QUICK BROWN FOX JUMPS OVER A LAZY DOG.",
		"the quick brown fox jumps over a lazy dog.",
		"0123456789"
	]
}